Time,V1,V2,V3,V4,V5,V6,V7,V8,V9,V10,V11,V12,V13,V14,V15,V16,V17,V18,V19,V20,V21,V22,V23,V24,V25,V26,V27,V28,Amount,Class
160760.0,-0.674466064578314,1.40810501967799,-1.11062205357093,-1.32836577843066,1.38899603254837,-1.30843906707795,1.88587890268717,-0.614232966299775,0.311652212453101,0.65075700363522,-0.857784661547805,-0.229961445775592,-0.19981700479103,0.266371326329879,-0.0465441684754424,-0.741398089749789,-0.605616644106022,-0.39256818789208,-0.162648311024695,0.394321820843914,0.0800842396026648,0.810033595602455,-0.224327230436412,0.707899237446867,-0.13583702273753,0.0451021964988772,0.533837219064273,0.291319252625364,23.0,0
19847.0,-2.82981594327279,-2.76514921229269,2.53779295063997,-1.07458042259191,2.84255889292598,-2.15353644367205,-1.79551885720369,-0.250020372324704,3.07350426338358,-1.00041794567463,1.85084176033081,-1.54977887088034,1.25233673695303,0.963974373307274,-0.481027223791626,-0.14731917203129,-0.209328171581066,1.05889790297841,0.397056508186649,-0.515764693656115,-0.295554564490287,0.109304966698836,-0.81327196874425,0.0429955726118499,-0.0276596849389052,-0.910247054904536,0.110801759066737,-0.511938134872381,11.85,0
88326.0,-3.5764948264458,2.31842150813501,1.30698532958812,3.26366492235553,1.12781840881043,2.86524613735822,1.44412464888046,-0.718921833851611,1.87404570858999,7.39849078334508,2.08114562393643,-0.0641447523642622,0.577555888776233,-2.43020141181235,1.50599327416251,-1.23794088792793,-0.390404663248005,-1.23180425893991,0.0987384558351899,2.03478558572906,-1.06015143656451,0.0168672508446993,-0.132058215693801,-1.48399578398146,-0.296010935476064,0.0628225484481408,0.552411113771332,0.509763550465719,76.07,0
141734.0,2.06038602369961,-0.0153821840535667,-1.08254445528442,0.386018735959187,-0.0243313557043515,-1.07493505306921,0.207792456907117,-0.338140264774688,0.455091384908009,0.0478593568044114,-0.6524967285272,0.750829191563632,0.665602707738606,0.158607895136616,0.0273483568602367,-0.171172944373679,-0.291228494110406,-1.00853077568381,0.0970397391601246,-0.192024402428361,-0.281683944533933,-0.639425770212503,0.33181821103643,-0.0675835618561429,-0.283675034534055,0.203528627422195,-0.0636213125295059,-0.0600770704321883,0.99,0
38741.0,1.20996468554511,1.38430342323226,-1.34353100599909,1.76363610041007,0.662351458967687,-2.11338359103366,0.854039020246687,-0.475963479097682,-0.629658040804083,-1.57965414333189,1.46257273298626,0.208823425520634,0.734537254584867,-3.53862482184019,0.926076313160626,0.835029481838533,2.84593713813846,1.04094749392959,-1.04526278617555,0.0090831301297973,-0.164014955157219,-0.328293910163019,-0.154631256136919,0.619449278998262,0.818998197707171,-0.330525291168213,0.0468835486041235,0.104526723913722,1.5,0
151934.0,-0.345588490593883,1.07032846248933,-0.652790468621253,-0.492207094151334,0.749481590445326,-0.949391186684146,0.752519823911826,0.0790953111790632,0.0612689883430686,-0.720452981061408,-0.759578566038094,-0.221885156833735,-0.320509196588359,-0.868272377846938,-0.193900760946226,0.367946253313217,0.460216687594694,-0.17901162269159,-0.236399137175352,-0.0521756013439961,-0.335296186376867,-0.843460250198755,0.187468848224455,0.618295216375472,-0.438011591707577,0.0734629149810957,-0.196699978717074,-0.211518292731342,8.99,0
159122.0,-0.864273061334064,0.361411723947719,-0.346667464300711,-1.93822744166095,-1.06583891320626,-1.0562020538571,-0.0935903126370582,0.0956473292047497,-2.78253093921846,1.24698082131075,-0.944344999464502,-0.951620426493515,0.723908501308132,0.265946478826203,0.330832666301772,-1.03260616243549,1.04378048946347,-0.222060334336493,0.884583697530703,-0.538946017036941,-0.173419508674993,-0.162751126664795,0.119505378299748,-0.0336468611423023,-0.488659620539679,-0.234981884004753,-0.578365053235722,-0.225400343414771,52.0,0
41656.0,-1.67900001322684,0.0047237895220157,2.09310011086487,-0.209994295861917,1.11212332703426,-1.25406041252964,0.19384609263207,-0.0108595068055654,-0.56836143232749,-0.671676045300681,0.187415265298558,0.585710171352432,0.673995434578281,0.02247982075214,0.705223616700546,0.0152754679622904,-0.258772249495751,-1.06968038089264,-1.03258778077936,-0.0456572568850009,-0.123806080665791,-0.540965793575783,-0.0566410124674699,0.409962872153622,0.137481852633072,0.0131125827063348,-0.143777659794382,0.18456533531556,3.59,0
52202.0,-0.806445109215778,0.865983033911859,1.1058978963767,1.38395711061554,-0.0181096506759159,0.140881855767365,0.124651390356282,0.603671690140999,-0.853073793202424,-0.336417751500108,1.12927017797076,1.25416345714198,0.112649535358839,0.534606975006187,-0.601421237047446,-0.961351613524528,0.593230431486367,-0.227612218123273,0.93207779829651,-0.0012839172222508,0.173074168949448,0.494319395072808,-0.0029719567279695,0.258954774217262,-0.367383611256651,-0.308235577659209,0.0835896824074857,0.059611648520242,27.92,0
52081.0,1.16964645715763,-0.82392350729076,0.467031398499679,-0.840968282628155,-0.850687772153643,0.0621386199828532,-0.70509665520298,0.0940035261239857,-1.02070179781274,0.67604234695528,1.52229633657587,0.413357411104551,0.752993665017979,-0.112641553365475,0.432857142019962,1.30117774857474,0.0485071192170804,-1.32414253356045,0.546796240886531,0.275094447104079,0.10708427411147,0.0307345472423294,-0.0050308341919598,-0.291176166522892,0.17115567900674,-0.390047696494084,0.017274377864848,0.0237285898054645,95.25,0
59813.0,-3.50259973160147,2.73056873430709,-0.962733364661076,1.4961900264084,-7.25169955435301,6.70251138827312,0.643727904947981,-10.5198637587747,-1.66053913513345,-3.25169880153788,0.779232621649124,2.05674468195772,-0.0249726430979263,1.25703516939234,-0.7157712564305,0.608755573287664,0.828828944245735,0.116018542561029,0.351047455075365,1.46748458112319,-5.58972999653834,1.87646718588776,0.478593214610877,0.0844821752489962,-0.0272549375361419,-0.240760702451778,1.15042417573317,-0.291471365444144,1222.48,0
22644.0,-0.518531288578761,1.06280614391014,2.05348997129973,3.15043138803388,-1.12905792453936,0.596819014328207,1.80955055112231,-0.590832809914546,-0.155819381417585,0.363695601591458,1.0453951255005,-2.38991393054645,2.96385534357722,1.14905511457563,0.564458191400137,0.0200999354367718,0.521187542937987,0.081554181022104,0.426329861370316,0.24392034240278,-0.261910254518144,-0.26703346399554,0.369732091140532,0.646017879527963,-0.755771145489159,-0.184249219432514,-0.0109723420414269,-0.136224237068181,301.82,0
59096.0,-0.845180517810964,-0.305078249005073,1.53849844456183,-2.53716371264125,-1.33405440841393,-0.27917108031431,-0.646422008625488,0.579478546093692,-2.74674658082809,0.559118237185846,1.26595943391263,-0.0826865905625237,0.413214435605846,0.0186701277313738,-0.503165514694426,-0.0145512787968947,0.380155310810561,0.0248696026460155,-1.08321151285968,-0.379485514266694,-0.100286364348596,-0.250367885090485,0.229402373969608,0.148240241849461,-0.472171097128336,-0.61314976963623,0.0026536419531144,0.0457029998649884,56.18,0
129876.0,-0.217565822345866,0.725638678577699,0.10324887841386,-0.783147919665343,0.783758785381339,-0.527088446974651,0.877936153172097,-0.0639798787750966,-0.250704763983984,-0.144301139545222,0.530910134669875,0.888677840327712,0.329301493830057,0.185800082070813,-1.04615380407358,0.13992906625851,-0.777910170784962,-0.254703741507066,0.297737395930152,-0.0379545070215055,-0.21876745027044,-0.469241399633308,0.148497680053203,-0.46727736238094,-0.448610866067683,0.142432946625958,0.132624758032626,0.0646919310696704,4.56,0
63669.0,1.17425942515572,0.141328830408029,0.502185367563907,0.456085972779163,-0.24699961533354,-0.20011979528881,-0.128111761590798,0.087957713692329,-0.197632342932684,0.06302763330767,1.67918702904889,1.07013607304465,0.0748204319490693,0.49120343550714,0.598387701936057,0.213686902693732,-0.388284473403551,-0.478584600521484,-0.186154350469082,-0.122606782391896,-0.179804762762892,-0.529042480380182,0.154957069207086,0.0089409656014505,0.110163467313817,0.107407872087038,-0.0172833221439535,0.0051181456077015,1.79,0
154047.0,2.03179450670163,-0.0848358967677019,-0.901200807360311,0.521765773942204,-0.405613225153327,-1.47021548342344,0.151457277887861,-0.326493175503051,0.607469985660838,0.0909979386318455,-0.470760535806614,0.244604040690503,-0.636288858702559,0.425441318170172,0.0779322753037103,-0.198779203475217,-0.0989480530834972,-0.930327570682743,-0.0086529712594715,-0.277839869874327,-0.26863039638403,-0.672831930744305,0.399705214599021,0.44261772682542,-0.375932844320231,0.171862702952053,-0.0743108864476974,-0.0569734148203153,1.98,0
48673.0,1.08093017297296,-1.76077817148477,0.0535200476052881,-1.32643587969768,-1.47024349643185,-0.337934288577373,-0.701172161802018,-0.247049443485396,-1.82883279895537,1.28514595656035,-1.07070754143121,-0.704175952275686,1.53138385665148,-0.541966816783228,0.723445245450627,-0.0008083285368754,0.0946287434855938,0.243743853461812,-0.057242687916272,0.265232465981574,-0.147678325005354,-0.572572791706031,-0.237727877005577,-0.456870808085435,0.298699561427784,-0.258732675167413,-0.0016970141237063,0.0636333355026347,264.0,0
11137.0,1.20191241607189,0.0373059641167434,0.936912755549363,0.221366547481515,-0.808740376126824,-0.82302786416744,-0.374642759497115,-0.134744724117469,1.66413700783208,-0.62423476674571,1.39221357821857,-2.10661151993463,1.496869453981,1.65715754398862,0.744183496639887,-0.0638099929734146,0.850137447778417,-0.749047999180162,-0.733704732655394,-0.164714084046932,-0.222479138261187,-0.359795780891391,0.204074972750526,0.59108705383307,-0.0558453053769865,0.863413501238985,-0.0815836031004644,0.0048748015077038,4.0,0
75062.0,-0.913467681639661,-0.525735058062779,0.733373305182915,-0.708056089729501,2.15383896146043,3.70395211456054,-0.800503781998011,1.04717341199802,-1.72492932678046,0.512972945749964,-0.522120284951377,-0.655960140704855,0.401088142241729,0.0719779917204247,1.50583216651079,-1.10712744270575,-0.548272271679248,2.28239781028653,-0.130787537765021,0.0764386083115247,-0.154053710937856,-0.397840008285141,-0.0361439039607885,0.956064445838504,0.428332076136505,-0.152400362685019,0.0871102477605695,0.101400087532809,69.0,0
143803.0,2.04728594752924,0.420400428386062,-2.68339955334532,0.494862166089727,0.864165239910551,-1.01266736440224,0.158856783505727,-0.121119238372865,0.485265831098764,-1.0012845474345,1.07794796916869,-0.425118205085363,-1.22348066738494,-2.12878498237469,0.607139808766865,1.18124688090425,1.37966639927835,2.06855020305618,-0.195888988115159,-0.20483722895874,0.0925303227845893,0.384389579538033,-0.129039807633986,-1.0497106172628,0.268698922988809,-0.0653120893215126,0.0103945782773783,-0.0130025845714006,1.0,0
40261.0,-0.570222405035101,0.88000964806519,1.30389791423878,1.34988621281405,-0.376362036619249,0.989911333215953,1.13887478574818,0.0265607560915204,-1.13664545825754,0.103168414529048,1.36509794481772,0.706655821520774,0.675927188111373,0.373984225523363,1.27337361211149,-0.469954279853131,-0.0283656877113042,0.303074966848579,1.41723460785856,0.193228915929529,0.0988124347873461,0.350825937555124,-0.0243142670947809,-0.283476112149119,-0.222097940909514,-0.216191635091699,0.113386685990757,0.0841438422212808,187.45,0
57007.0,-1.27124419171437,2.46267526851135,-2.85139500331783,2.3244800653478,-1.37224488981369,-0.948195686538643,-3.06523436172054,1.16692694787211,-2.26877058844813,-4.88114292689057,2.25514748870463,-4.68638689759229,0.652374668512965,-6.17428834800643,0.594379608016446,-4.84969238709652,-6.53652073527011,-3.11909388163881,1.71549441975915,0.560478075726644,0.652941051330455,0.0819309763507574,-0.221347831198339,-0.523582159233306,0.224228161862968,0.756334522703558,0.632800477330469,0.250187092757197,0.01,1
68207.0,-13.1926709562391,12.785970638298,-9.90665002092758,3.32033688288942,-4.80117593230105,5.76005855618556,-18.7508891580107,-37.3534426378925,-0.391539743919107,-5.05250236713858,4.40680552357904,-4.61075647740608,-1.90948796970811,-9.07271093398351,-0.226074450896345,-6.21155748212485,-6.24814535335983,-3.14924669470095,0.0515761185277783,-3.49304991519446,27.2028391573154,-8.88701714094871,5.30360690376998,-0.639434802306313,0.263203123457008,-0.108876929971315,1.26956635541013,0.939407362758877,1.0,1
75581.0,-2.86636370525907,2.34694943137396,-4.05330668845935,3.98335888025187,-3.46318571327039,-1.28095301603103,-4.47476383461874,1.21665528478137,-2.30982869782019,-5.51550707258062,3.04839203447565,-7.12825076846601,0.0059558009251745,-7.49518733635876,-0.25108802193356,-7.5680148993231,-12.2236328477344,-4.89517519350497,2.52496746940249,0.270013154062001,1.04973156228305,0.475840283409025,0.404480059350581,0.282029789710327,-0.506901095688855,-0.371741093052833,0.615256964379468,0.803162841917988,124.53,1
43494.0,-1.27813773524814,0.716241580332591,-1.14327922918382,0.217804800631468,-1.29389046969973,-1.16895152511977,-2.56418198278833,0.204532467641239,-1.61115462297744,-1.25028553742691,3.36736102310858,-4.58309584545642,-0.806939683730076,-5.20830522179452,0.525823682164556,-1.81591431259746,-5.24911146794949,-2.19669120679566,2.10905264474381,0.817203155491914,0.490182667533974,0.470427403079725,-0.126261344339209,-0.126644458784455,-0.661907559467122,-0.349792996571914,0.454851068382725,0.137843477172283,24.9,1
41313.0,-13.8972058704019,6.34428045616839,-14.2816664432471,5.58100899740718,-12.8871331616131,-3.1461763671985,-15.450467216827,9.06028147442157,-5.48612077680694,-14.6764702497464,5.1483517210937,-10.7495919949504,1.58548896754337,-9.79801207658904,0.733276999106463,-12.675268899047,-20.7406637223494,-8.15366802624724,5.2283417900513,-1.02522792390103,3.05808183846397,0.941180290424241,-0.232710298333368,0.763508019302571,0.0754562386388435,-0.453839571774416,-1.50896825698328,-0.686835738780169,9.99,1
45541.0,-1.51924353075082,2.30849245367643,-1.50359931953802,2.06410058377601,-1.00084505842829,-1.01689703316417,-2.05973051990126,-0.275166374590629,-1.56220609694371,-2.75579692797163,3.43824825990431,-3.52152936013651,-0.918761288376486,-4.45210024854037,0.499313753853031,-2.90790343439971,-5.24864639527919,-0.936814652613817,1.16012029433585,0.175018552247898,1.30787143187069,0.102825644139183,-0.0177462832428156,0.149695925673219,-0.0966024680642115,-0.369114567720136,-0.0192440931269227,-0.20831909164279,1.0,1
135095.0,0.232512476136408,0.938943680000523,-4.64777987861917,3.07984368774547,-1.90265531863884,-1.04140751952949,-1.02040664482631,0.547068603184495,-1.10599029357172,-3.52012767367189,2.07411645462861,-3.01077173816878,0.694977689554512,-5.38783122686352,1.778669797797,-2.93580442477364,-2.28557270821558,-0.237055632781029,1.97974707098703,1.14161507545704,0.911372759326949,1.04292865643844,0.999393887913078,0.901260455221573,-0.452093168108936,0.192959213794113,0.180859449380341,-0.0293153378913553,345.0,1
95628.0,-17.5189091261484,12.5721178535385,-19.0385383213549,11.1908946558522,-13.5547207079601,-0.41192361337145,-23.189396512394,-5.30141221815132,-8.63039030596902,-16.2556117491401,5.70211147983179,-13.8124040899594,-0.306815322507812,-7.01360737195925,-1.18229035380557,-9.3601791927531,-16.6683693822389,-7.14746777723207,2.16209864550609,2.52851232971436,-4.96947772242457,0.976124822110751,1.8412479337881,0.334417748210128,-0.720128461316563,-0.232603423065217,-3.02199247294556,-0.478158234859683,1.63,1
134766.0,-0.0796525365521887,3.22201046223725,-3.7242013893074,6.03734512826846,0.583394746331946,-0.691346179707007,-1.79988483348006,-2.62778128431688,-4.00133786259094,-2.27152578398956,1.51389817939856,-3.68294346446482,0.185830426148668,-4.69278763834241,0.247495674947084,-2.68188105082889,-2.28614467887841,-1.04884490280911,0.994829500437418,1.1985372847387,-0.664694294683722,1.13855644649209,-0.350753364122197,-0.287467300585566,0.808889022979463,0.823961705381379,0.668496565754242,0.595609828713858,1.0,1
84204.0,-1.92745281973369,1.82762056700016,-7.01949468454197,5.34830323951426,-2.73918788004738,-2.10721929638307,-5.01584797563431,1.20586815982046,-4.38271250852199,-8.33770697381781,7.19030608944843,-9.42484446049178,-0.223292646427513,-12.8754942229841,-0.071918160688794,-6.2999613976222,-12.719207160428,-3.74017615583058,0.844059610296466,2.17270905626492,1.37693832294098,-0.792016725563067,-0.771414187530036,-0.379574271539528,0.718716522008066,1.11115125599517,1.27770725705846,0.819081152045361,512.25,1
53937.0,-2.04260819938332,1.57357807373238,-2.37265243271278,-0.572676430720841,-2.09735276458226,-0.174142123011242,-3.03951978687359,-1.63423295064356,-0.594808638750073,-5.45960189444545,2.37853722491518,-2.33027064686235,-0.24623272486659,-4.05852343611281,-0.316983146603949,-2.52266081131673,-5.60340034818128,-0.778439963776289,0.860211793588662,0.825565985313424,-0.723326195587733,0.501221637302624,-0.696892260580304,-0.600513726439022,0.127547028812739,-0.786072220292301,0.606097322391548,0.171696507911815,261.87,1
25198.0,-15.9036352020113,10.3939171427504,-19.1336024646827,6.18596883540498,-12.5380209157442,-4.02703044708406,-13.8978265981985,10.6622517826007,-2.84495398482036,-9.66878891236125,7.39441941053863,-11.6356300484755,1.42327692545531,-8.64045910049478,-0.674719538892936,-7.69556878829619,-13.6841395944616,-4.77740603940726,1.26834277321029,1.50156541071894,1.57754822493456,-1.28013712313136,-0.601294526869194,0.0404039214626868,0.99550197117886,-0.273742711729157,1.688135896398,0.527830799573719,99.99,1
142840.0,-3.61385045502803,-0.922135693038651,-4.74988736419275,3.37300132781874,-0.545207025424103,-1.17130106266974,-4.17231457141019,1.51701594293521,-1.77583268078792,-3.75405392305562,2.73157578227581,-3.48937464729063,1.54738008909916,-4.57126773103714,-0.517958568740869,-4.23908653141223,-9.25063451000699,-2.4348278029986,1.98738627690236,-0.320540972806239,0.7867870185412,0.893064859228385,1.03490656705841,0.097671080445461,-1.34555112500186,-0.788328913242689,1.05544197476733,0.0999714026087802,144.8,1
100298.0,-22.3418888868038,15.53613332478,-22.8652284959099,7.04337354768731,-14.1831291919342,-0.463144880408286,-28.2151120538009,-14.6077905214735,-9.48145633401495,-20.9491915543611,4.73958247105186,-11.9249546896802,-1.50141102577851,-3.83678146634435,-2.72032883823594,-8.88010567222989,-15.8251362851177,-6.75042522352437,-0.129188144339879,4.10001904830367,-9.11042257588182,4.15889482041313,1.41292844456256,0.38280067392155,0.447153952515532,-0.632816336434319,-4.38015425911661,-0.467862869164174,1.0,1
25231.0,-16.5986647432584,10.5417508026636,-19.8189818085279,6.0172946473619,-13.0259010501237,-4.12877900260013,-14.1188648469369,11.1611439952369,-4.09955143059712,-9.22282550730978,6.32936467621872,-8.95219071159749,-0.138363691274054,-9.82505442102721,0.0572235922374037,-7.54168742379503,-14.2595985921417,-5.03505152375192,1.43226792970939,1.53491982113512,1.72585282658181,-1.15160577552799,-0.680051901875725,0.108175914514646,1.06687834149611,-0.233720431391328,1.70752055210726,0.51142316911239,99.99,1
146022.0,0.908636658181293,2.84902401493181,-5.64734296336341,6.00941477810058,0.216656395035464,-2.39701442397293,-1.81930788593969,0.338526987742346,-2.81988277297887,-4.06309810827338,2.94119009271712,-6.15136219091534,-1.98952853525001,-9.15095100562097,-0.604289998808266,-1.95229039984463,-2.89255533222526,-0.912057960709434,-1.56373996709776,0.241921294746754,0.407260461266497,-0.397434852530952,-0.0800058534116311,-0.168596545191964,0.465058497798457,0.210509756241616,0.648704799002062,0.360224330288316,1.18,1
27252.0,-25.9424344479142,14.6019980426299,-27.3686502881266,6.37839460769688,-19.1040334039646,-4.68480620428185,-18.2613929340355,17.0525663121462,-3.74260500983864,-8.233721369876,4.6648362538527,-6.52566786025865,0.92375858946558,-6.32597461208273,-0.0702237027595964,-5.83836021908828,-12.0616957125199,-4.77334851403019,0.852969608454831,1.66730429040185,1.78431598423494,-1.91775921336107,-1.23578743924962,0.161104731783341,1.82037804128869,-0.2193590586868,1.38878576213598,0.406809649908512,99.99,1
12393.0,-4.06400473842815,3.10093489093256,-1.18849800365476,3.26463274045175,-1.90356235801726,0.3203505872957,-0.954940039087007,-3.27753491983773,2.82082866173719,1.01511287978593,3.18718689736493,-7.00432728360605,0.872710605485111,-6.22060535304292,-0.904444629573358,-3.07509188469837,-5.04473569177435,-1.71808268516882,-0.662462068430895,-0.531897693292296,1.68866543097474,-0.0788446980063478,0.19373092657711,0.479495953884992,-0.50660305739906,-0.409862744197452,-3.03627132936069,-0.630605198840545,179.66,1
96717.0,-3.7058559456413,4.10787318567637,-3.80365599543613,1.71031444791959,-3.58246604635748,1.4697289395611,-9.62156012711908,-11.9131046925977,-0.322296771337166,-6.62569249371823,2.17523030559549,-4.38107755793604,2.06329870945929,-0.673818453194249,1.40076321660287,-4.25492662033392,-5.16021301572915,-1.30252591599748,2.59445276115475,3.63960274068724,-5.49877168010629,2.94147540326902,0.916235852911927,-0.25550447969595,-0.18383483865098,-0.584538952417976,-0.315483570351021,-0.0972228121259146,1.0,1
35771.0,-3.21895201068387,2.70853541135777,-3.26304158740062,1.36186594394607,-1.64577567536596,-1.85298187130258,-3.06995821412732,-1.79687585578416,-0.213356097435365,-3.55198400939375,3.77974953895486,-6.98477147722078,-1.14097718858781,-9.37787845231763,0.921463506707037,-4.65207119462111,-9.09423129737693,-3.08254995409724,0.132330776389272,0.571654488206511,1.80787725006384,-0.890421395077162,-0.325814386573867,0.123039596922715,-0.0930137472776971,0.232105969675678,-0.310518998304807,-0.745294626799623,60.6,1
139767.0,0.467991939825149,1.1001181155631,-5.60714499999017,2.20471352581391,-0.578538842835423,-0.174199760931247,-3.45420147180469,1.10282268929697,-1.06501551547524,-5.41603688884657,4.49792897288062,-5.01960988798824,-1.01969120130359,-7.91498900748283,0.669648023350281,-4.47201433366572,-5.8569977597527,-2.2431779037749,-0.17381402447058,0.589574721718141,0.983480729453912,0.899876105807612,-0.285103424654105,-1.92971710448514,0.319868526124677,0.170636428415686,0.851798305715368,0.372098282227753,120.54,1
8408.0,-1.81328048476897,4.91785071056565,-5.92612969400656,5.70150043141163,1.20439257214362,-3.03513754815611,-1.71340206347108,0.561257390902032,-3.79635425171163,-7.45484065078351,7.38805512292025,-10.4752286504099,-0.379314526756117,-11.7367291212569,-2.08698895215593,-2.44235398293755,-3.53552351168246,0.130360306640887,-2.07145048844325,0.576656033332069,0.615641835107552,-0.4064272753179,-0.73701807643754,-0.279641772215917,1.1067663744335,0.323885477719453,0.894766671515833,0.569518600269514,1.0,1
29785.0,0.92376442016477,0.34404807190464,-2.88000365579163,1.72168007534123,-3.01956477860235,-0.639736122583852,-3.8013245024591,1.29909588513018,0.864065471140902,-2.89525166830126,3.02816223099618,-2.54917730779636,-1.56043182473423,-2.97131675769274,1.07889539651163,-4.70201182527384,-4.90809850732764,-1.5088732903485,3.0016850593747,0.170871765618069,0.8999311755668,1.48127100376248,0.725265549161058,0.176959582872624,-1.81563797523647,-0.536517111308732,0.489035020411905,-0.0497285787992942,30.3,1
44532.0,-0.234922308660103,0.355412643473604,1.97218278594888,-1.2555927126284,-0.681386509254345,-0.665731671302037,0.059110489686438,-0.0031532770910343,1.12245113562848,-1.48124586053984,-0.473852105914046,0.9221844195147,0.913513839827119,-0.499349578859305,0.933898442932603,-0.560471962989049,-0.207706529097452,0.380541571066627,0.574335960915453,-0.0034694628125566,0.220670430492642,0.912107214037724,-0.286337679755902,0.451208246513352,0.188315252003614,-0.531845781256926,0.123184687838547,0.0395806345060398,1.0,1
41203.0,-8.42681446458936,6.24165891255794,-9.94646974501132,8.19961393161759,-8.21309336768256,-2.52204605104398,-11.6430282742756,5.33950009801351,-7.05101582770698,-12.2653238444006,7.04773274001302,-13.7429528415799,0.821627223133927,-14.1074642630375,1.02047093981622,-11.8478871921138,-21.6739867132891,-7.78404247450965,3.20430921695579,0.563869352833826,2.42746037443776,0.692666548056743,0.0203051671536146,0.499809093124917,0.467593621860553,0.483161969665241,1.19567086957704,0.198294350072086,88.23,1
94362.0,-26.4577446501446,16.497471901867,-30.1773174564996,8.90415677106517,-17.8925996927224,-1.22790388102871,-31.1973285494605,-11.43892041491,-9.46257260540015,-22.1870885620007,4.41999660154863,-10.5923050053728,-0.703795803703315,-3.92620731586873,-2.40024649210124,-6.80988994039049,-12.4623149481086,-5.50105078380738,-0.567939572890149,2.81224110932946,-8.75569832116533,3.46089334478551,0.896537503959012,0.254835536763482,-0.738096558530353,-0.966564233789852,-7.26348214633855,-1.32488430656137,1.0,1
35953.0,-4.84437152213983,5.64943864783758,-6.73039574613665,5.25284201867297,-4.4095661499774,-1.74076745609347,-6.31169852901067,3.44916731253577,-5.41628435913526,-7.8335555711125,3.6573495649865,-7.7814479532704,1.50772042676786,-8.60475886835984,0.0105926875670707,-6.55397325691037,-12.6243936527694,-4.98990973846596,1.64541389333247,0.284555090358885,1.19488835625662,-0.845752531858704,0.190673885417928,-0.216443252531192,-0.325033100382822,-0.270327592956951,0.210214051535782,0.391854886292055,111.7,1
93856.0,-6.75050851563533,5.36741605145469,-10.0546349530569,9.06447791765316,-7.96811808353808,-2.26379841398236,-10.317566180676,4.23766573099145,-5.32410880613734,-11.0923923688428,7.15408284221914,-17.1504052507291,-0.0953992277686904,-11.0301103643432,-1.95905455483077,-12.4485623424367,-22.6679054064789,-9.26460873295655,1.9823563171714,-0.0812198922441237,1.90903201764938,-0.34873973066671,0.425000563135111,0.674908669807175,-0.784208393488163,-0.247422102935353,1.1595813739152,0.197817874685768,209.65,1
7891.0,-1.58550536691994,3.26158454822833,-4.13742198305023,2.35709625199132,-1.40504331370135,-1.87943719306477,-3.51368687087654,1.51560674568816,-1.20716636120056,-6.23456133227108,5.45074606689486,-7.33371406736393,1.36119332407831,-6.60806825219469,-0.481069424899829,-2.60247787045261,-4.83511205239717,-0.553026089102902,0.351948943356815,0.315957258937511,0.501543149467536,-0.54686881157389,-0.0765836358993043,-0.425550366841581,0.123644186352002,0.321984539336613,0.264028160503965,0.132816719764592,1.0,1
47982.0,-1.23280412810524,2.24411874456383,-1.70382579275654,1.49253586483501,-1.19298516971563,-1.68611021267902,-1.86461150490967,0.856122313785725,-1.97353527775248,-3.94238290411726,2.40165068027699,-3.39426561777896,-0.145161724970334,-4.32979551307589,0.758760885824274,-3.19904647594093,-4.48018356526203,-2.48566878350317,-0.0958074336903356,0.207889301735382,0.560475065574211,0.165681717805126,-0.0137535165177887,0.474935180269258,-0.218725074414735,0.302809125708237,0.46603094153746,0.250133538809307,0.76,1
110087.0,1.93494645561548,0.650677737498259,-0.286957048622899,3.98782809057201,0.316051835129206,-0.0994493763543019,-0.0214831582313935,-0.172327298889228,0.508730034701461,1.07295520625891,-0.427567391481657,-2.777649223895,1.63714014878874,1.5710801214626,-1.44536681818908,0.908649625166723,-0.122016068028642,-0.104109917156777,-1.6840216339214,-0.344452123814994,-0.173601631022283,-0.190973581696087,0.219975571293889,-0.216596550704603,-0.136691885594352,-0.129953649978571,-0.0500768352982461,-0.0510818960798855,1.0,1
6986.0,-4.39797444171999,1.35836702839758,-2.5928442182573,2.67978696694832,-1.12813094208956,-1.70653638774951,-3.49619729302467,-0.248777743025673,-0.24776789948008,-4.80163740602813,4.89584422347523,-10.9128193194019,0.184371685834387,-6.77109672468083,-0.0073261825777121,-7.35808322132346,-12.5984185405511,-5.13154862842983,0.308333945758691,-0.17160787864796,0.573574068424352,0.176967718048195,-0.436206883597401,-0.0535018648884285,0.252405261951833,-0.657487754764504,-0.827135714578603,0.849573379985768,59.0,1
41991.0,-4.56634156694274,3.35345148012501,-4.57202780762531,3.61611930403552,-2.49313810882875,-1.0899997127127,-5.55143306976649,0.44778308394893,-2.42441402571208,-5.69992228265959,3.58682418337431,-6.63622904939297,-1.1281764439465,-7.24554959537009,0.638325536245456,-6.85681003898144,-8.85187850534679,-4.5918832274368,0.936939858866071,-0.249127726683026,2.67446587862872,-0.0208799797343963,-0.302447083877198,-0.0863964000107124,-0.516059779833395,-0.295102234035121,0.195985145691014,0.141115102721758,1.0,1
84694.0,-4.86810843844627,1.26441977404559,-5.16788542660662,3.19364784504611,-3.04562137708228,-2.09616609885545,-6.44561018266068,2.4225355920307,-3.2140554159387,-8.74597261185534,5.41604190908794,-8.16412507731485,-0.165010607208302,-10.1935303551514,-1.89521031032574,-7.36047460938421,-14.6687710766351,-4.87711900477519,1.38560952778492,0.66730977994879,1.26920538901712,0.0576572516592633,0.629307399675982,-0.168431773502721,0.443743902404587,0.276539471570389,1.44127396787951,-0.127943726430018,12.31,1
472.0,-3.0435406239976,-3.15730712090228,1.08846277997285,2.2886436183814,1.35980512966107,-1.06482252298131,0.325574266158614,-0.0677936531906277,-0.270952836226548,-0.838586564582682,-0.414575448285725,-0.503140859566824,0.676501544635863,-1.69202893305906,2.00063483909015,0.666779695901966,0.599717413841732,1.72532100745514,0.283344830149495,2.10233879259444,0.661695924845707,0.435477208966341,1.37596574254306,-0.293803152734021,0.279798031841214,-0.145361714815161,-0.252773122530705,0.0357642251788156,529.0,1
65728.0,1.22761441351286,-0.668973794096954,-0.271784826118016,-0.589439741635524,-0.604795004349645,-0.350284967097775,-0.486364540645055,-0.0108086285956747,-0.794944156080669,0.264544748886681,0.881268050432366,-0.324703760782435,-0.263263800489225,-1.11273543930467,-0.540849503339651,1.53341124817574,0.831442610720144,-0.473346676550517,1.19012126352217,0.273799209937263,-0.0260547222626376,-0.295254768133076,-0.180458520061445,-0.436538663158256,0.494649059264358,-0.28373826696629,-0.001128278642713,0.0350745013143425,98.01,1
40276.0,1.15937314510686,2.84479469928473,-4.05067950821309,4.77770088131929,2.94898004123771,-2.01036111013216,1.74408581794948,-0.410286521869204,-2.45019774688553,-2.04216786301424,1.84409317018026,-2.42593281501277,-1.5842751343556,-7.2083115791564,0.459828383286257,2.37529619792022,6.4435098643744,2.59184606301795,-2.88977035831304,-0.059264385833904,-0.176541018596848,-0.433469859425429,-0.529323202003731,-0.597019604985794,1.33595405267787,0.547092070642555,0.0099789442639121,0.160769150049196,1.0,1
169347.0,1.37855899734127,1.28938093711056,-5.00424678441137,1.4118498419441,0.442580635567782,-1.3265359338336,-1.41316995590712,0.248525467627175,-1.12739593417081,-3.23215317539514,2.8584658156696,-3.09691489835154,-0.792532436177748,-5.21014084572584,-0.613803263850514,-2.15529688535221,-3.26711568106648,-0.68850546268346,0.737657217477667,0.226137945500703,0.370611857232494,0.0282344454140697,-0.145640429197154,-0.0810494069107769,0.521874501959455,0.739467256056059,0.389151843520624,0.186636547522687,0.76,1
149640.0,0.754315925858731,2.37982185248504,-5.13727449343089,3.81839172249665,0.0432026520139663,-1.28545137361934,-1.76668362059541,0.756710661816359,-1.76572209782095,-3.26300672553831,3.59279683214404,-2.77234880583364,-0.0745336542111445,-6.28109364908023,0.165978009089423,-2.67917124597012,-1.38555652893852,0.249056748544312,2.3534526931986,0.369662961829814,0.397057600980957,0.141165218358707,0.171984534755456,0.394273775761011,-0.4446418368392,-0.2631890643687,0.304702950350999,-0.0443622747894533,2.0,1
52814.0,-1.10184700698197,-1.63244121283891,0.901066556872515,0.847752885502341,-1.24909072939532,0.654936785498635,1.44886782586722,0.0233079125519542,-0.136742416820243,-0.150129182778684,1.17235508293037,-0.795988136674965,-2.13695096583302,0.578869439330842,1.4121147225086,0.0134668068434063,-0.119204381070058,0.826814373772222,0.476859902488945,1.23027784051309,0.610653920616913,0.835795006603528,1.17995542066426,-0.0290908864225033,-0.300895693792436,0.699174952578756,-0.33607170899039,-0.177586827857027,519.9,1
91502.0,0.0073790751145725,2.36518252886777,-2.60028738169342,1.11160176466249,3.2764413263667,-1.7761407852846,2.11453088108345,-0.830084106599812,0.900489974281822,-3.37617706712688,2.05681205985716,-3.9842567303491,1.02196791340796,-5.96790496861639,-1.15160831490592,1.67973960141233,5.58611468683053,2.78913115591619,-2.24107485298106,-0.0063884972816308,-0.563944162060269,-0.902099515410175,-0.404382448597275,-0.0129439005065412,0.589836154947909,-0.734449052212668,-0.447529183217452,-0.362374775122343,1.0,1
155965.0,-1.20139778318497,4.86453518123444,-8.32882331553453,7.65239936205533,-0.167445105903909,-2.76769464972835,-3.17642095110716,1.62327867967437,-4.36722762476754,-5.5334430286147,4.1064045585523,-6.33182479621436,0.671784814909419,-12.1565865835299,1.02025178475153,-2.11086343309451,-1.55854452752772,0.195991826282669,0.502453451135321,0.597025549850308,0.532320016259289,-0.556913021850898,0.192444399731584,-0.698588444235578,0.0250027161193826,0.514967603188505,0.378105295962737,-0.0531327938498238,0.77,1
51135.0,-10.5273044341626,7.63974510878724,-13.4431145027514,4.30340291762786,-8.04820986720506,-3.46699653575204,-8.64319279153494,7.28410530047069,-2.36209663777244,-5.99659592015915,2.5891035399443,-5.9622614216576,-0.468955402702701,-6.77818372152522,0.907946622048306,-3.97013003226966,-6.85761265464239,-2.51173568202806,0.511761951503497,0.847085223070639,0.937415595523653,-0.931178206442092,-0.235696693319785,-0.0313933540844794,0.591558276561224,-0.263516323288921,1.10889729755393,0.219021143211497,99.99,1
67150.0,-1.82429505976067,0.403326526860602,-1.99412200641801,2.75655816357726,-3.13906432572579,0.408185014718199,-1.20904511871624,1.09563435393431,-1.44722489217345,-3.95100289197434,2.56070020158284,-3.4119829114195,-0.781669619949492,-4.7327675351632,-0.433973654922625,-3.30608841178359,-4.23102187544855,-0.750809770409941,2.69080834203374,1.50368830479002,0.838760421033887,0.341727095787049,0.947506491293615,-0.145493002452622,0.0493257725258454,0.831065451615044,0.33242130393302,0.252712728641008,489.71,1
40742.0,-2.37753280180283,0.520539361927579,-8.09413945532841,8.00535147326105,2.64075021376276,-3.38158645291742,-1.93437244067366,0.562322111872781,-3.10402718606356,-3.05121035544102,5.73576265915634,-4.74769250131792,-0.784223284478966,-10.7163393018774,0.656516978131348,-1.14246727231018,0.91859080878698,1.12633522330277,0.0929734778841175,-0.634747080915274,0.148284201590387,0.7210995412337,2.66129069804724,-0.508619933518595,-0.401656629278738,0.587611216267645,0.500326371108344,0.551759687906722,1.0,1
141565.0,0.1149650477972,0.76676154669164,-0.494132199415659,0.116771978233793,0.86816853524791,-0.477982006349535,0.438495665220681,0.0630733402552484,-0.186207089214194,-0.159325098707444,1.20030360709416,0.281744446861465,-0.623844030466212,-0.658246292064356,-0.155888356613225,0.0562273489244218,0.653662125212474,0.33465531172159,1.02892683645358,0.0621985703923592,-0.284412898740297,-0.706865471630836,0.131404855625717,0.600742122018719,-0.604264275304309,0.26293785502267,0.0991446312768992,0.0108097183119463,4.49,1
152036.0,-4.32060921481281,3.19993870654465,-5.79973605389345,6.50233023566696,0.378479252807864,-1.94824637096657,-2.16785950480668,-0.728206711605414,-1.97723831745674,-3.47341070390428,4.56919375212135,-9.32115263136084,-1.59251765115386,-14.2668362798028,0.467776602458787,-4.06620855488173,-6.62696817708246,-1.43715841938037,-0.215409738450978,-0.263686068021973,0.47666042483552,0.434278328284482,-0.13693991841301,-0.620071695417129,0.642530576414265,0.28071734804164,-2.64910674899003,0.533640939848599,1.0,1
68207.0,-13.1926709562391,12.785970638298,-9.90665002092758,3.32033688288942,-4.80117593230105,5.76005855618556,-18.7508891580107,-37.3534426378925,-0.391539743919107,-5.05250236713858,4.40680552357904,-4.61075647740608,-1.90948796970811,-9.07271093398351,-0.226074450896345,-6.21155748212485,-6.24814535335983,-3.14924669470095,0.0515761185277783,-3.49304991519446,27.2028391573154,-8.88701714094871,5.30360690376998,-0.639434802306313,0.263203123457008,-0.108876929971315,1.26956635541013,0.939407362758877,1.0,1
41147.0,-5.31417320646342,4.14594361146639,-8.53252245892907,8.34439167363678,-5.71800820787464,-3.04353608094129,-10.9891846672722,3.40412865609659,-6.16723364181153,-11.435623996076,7.67453383416429,-14.2960914258331,0.526938923712363,-15.4450258118019,0.991651201275811,-12.3913460034009,-22.5416517287861,-7.98672065349455,2.99255446334225,1.15001731865814,2.33146580801509,0.862996305559532,-0.614453237551036,0.523647877136623,-0.712593271662611,0.324637964828057,2.24509146635599,0.497320848969724,88.23,1
58822.0,-4.38422089880268,3.26466481012305,-3.07715801666012,3.40359359659281,-1.93807528041028,-1.2210812776781,-3.3103166090276,-1.11197501012863,-1.97759328056305,-3.28820356526528,2.88609147657536,-6.84897793447677,-1.02923459062256,-7.46010298330266,0.0559060176229105,-4.33478342671028,-9.87456039324105,-3.54190332932228,-0.531558760456647,-0.141533268810834,2.07638272101207,-0.990302787008607,-0.330358452316133,0.158377625833497,0.0063514462492984,-0.493860013315231,-1.53765237842389,-0.994022490842227,45.64,1
84204.0,-0.937843305478391,3.46288948991687,-6.44510395393435,4.9321986662268,-2.23398306982245,-2.29156112129773,-5.69559392853253,1.33882463362261,-4.32237655329329,-8.0991193981365,7.18296700883659,-9.44594338249901,-0.314619967520224,-12.9914655817567,-0.136358931959623,-6.36752437517144,-12.7343938853776,-3.84512965889743,1.00766725992114,1.12953228130351,1.06655024941577,-0.521657289347299,-0.319917292909547,-0.405859088093617,0.906802159957716,1.16578389011737,1.37449533233535,0.729889341911333,0.0,1
54846.0,-2.98646550822273,-0.0008912294816884,0.605886830263541,0.338337780759695,0.685448451171472,-1.58195443740193,0.504206377175919,-0.233402618007887,0.636767742518801,1.01029102209398,0.0045179679664243,0.0443966388940644,0.420853062352676,-0.931614224984722,1.14797368277192,0.48306309357216,-0.152470829644753,-0.285666258848129,0.0725498490088206,-0.764274258309323,-0.875146363670133,-0.509848660993286,1.31391790371009,0.355064731381086,0.448551563224067,0.193489780350156,1.21458768687535,-0.0139228973515758,1.79,1
93824.0,-3.63280894927825,5.43726336227612,-9.13652148062595,10.3072263079132,-5.42183029451154,-2.86481514933136,-10.6340876212042,3.01812657999175,-4.89164032107494,-11.2350479111446,8.78878366710272,-18.5536970096458,-0.339533407676443,-15.6231873302985,-0.188978574214972,-12.4279613630565,-20.1590474539227,-6.88889109280947,2.58609321670737,1.35406479520345,2.30988016889674,0.978660126299279,-0.0961301444473713,0.432376722544823,-0.435627929953396,0.65089278643537,1.69360750804844,0.857685371687245,8.54,1
41237.0,-10.2817840384715,6.30238478416897,-13.271718028752,8.92511547634157,-9.97557831146449,-2.83251346361162,-12.7032526593299,6.70684583868978,-7.07842395823848,-12.8056831898117,6.78605830197451,-13.0642398936784,1.1795245105938,-13.694873039573,0.951479176238826,-10.9542857275047,-20.5835927904158,-7.51726213169106,2.87235363605874,-0.247647527731929,2.47941350799644,0.366932842343897,0.0428046480276363,0.478278891799746,0.157770817898023,0.329900959238367,0.163504340964582,-0.485552212695879,118.3,1
155359.0,-1.067713272294,5.26231210944906,-8.4385670664835,7.31648729995658,0.0082535729164869,-2.12593631959976,-3.3070357352934,1.86983752340028,-4.52258362448849,-5.17281182346005,5.59112619350265,-5.64041745782421,0.784510038605689,-12.0438056158463,0.353814874886981,-1.92055816814255,-1.87992827944447,0.679751299229409,0.797641375455208,0.821404548671474,0.547789786518153,-0.491959821843257,0.0559141341245579,-1.14536853471475,0.0689513455242996,0.535054734945035,0.539263072143882,0.124255055772618,0.77,1
154493.0,-7.38154698606367,-7.44901515872674,-4.6962865237175,3.72843914957409,6.19830434711234,-6.40626663445964,-5.83145156036761,1.45717491941563,-0.6462025802667,-4.02912871953916,2.52894302060173,-3.308721722205,-1.99200968898389,-5.75721608217278,-0.877323474271716,-1.54755182348258,-1.90901678581052,0.500567470429737,0.136722438174659,2.93275812573212,1.17657484784395,-0.978692051214679,-0.278330343454922,-0.635873793806618,0.123539440325404,0.404729308452323,0.704914653621431,-1.22999168169143,35.0,1
125612.0,1.88961791435199,1.07309853428207,-1.67801752213825,4.17326819444992,1.01551580609762,-0.0093890345376856,-0.0797056036973578,0.0640708218352963,-0.714516675807338,0.0422275201898101,-0.408402781057003,-0.929370065771482,0.0586863166856154,-3.51284546122181,-0.164612974126633,2.06985302474878,1.7333815808837,1.58075796212324,-2.33518537609962,-0.15357026465285,0.203727978494943,0.733795720552592,-0.0365597489616082,0.334305770703597,0.147171035637962,0.279556488222951,0.0316687807243937,0.0358833226413502,3.22,1
91554.0,-5.10025566317088,3.63344238024837,-3.84391862443125,0.183208447320966,-1.18399737637674,1.6021393332506,-3.00595315203476,-8.64503780175356,1.28545810732477,-3.71748137540216,3.71921153916465,-5.03402974701745,0.918999158233287,-4.22036591807154,-1.05049995739584,-1.69104526842648,-2.37242320724166,0.450098503348706,0.407805060819919,-2.80630192287329,8.28043932580154,-2.79714954096118,1.09070659271567,-0.159259597476933,0.532156369375709,-0.497125808167425,0.943621624807946,0.553580691756943,261.22,1
152058.0,-3.57636177773708,3.29943622098785,-7.46043319687438,7.78363417666419,-0.398548657536885,-1.96844144838725,-3.11047619254795,-0.328403695377149,-1.57436284547485,-2.49756054724841,4.60417047790948,-9.0019148555682,-1.27632400546329,-13.9694706254616,1.25694535316357,-4.49162922501012,-5.96998693103967,-1.27466622002178,1.14778361222539,-0.181455201194929,0.540730752300116,0.719526342466937,0.379248749413946,-0.616961860032022,-0.44281081400968,0.359840688732324,-2.65182487459349,0.422184391599186,1.0,1
62330.0,1.14086473658976,1.22131743135767,-1.45295546048243,2.06757505760281,0.854742052227546,-0.981222507744598,0.325713913670098,-0.0377214068783676,0.113219371615132,-2.12697274994354,0.915947028928619,-0.468571538051367,-0.523377293666349,-4.86186658087283,0.421013353871263,0.866440624739209,4.08248488419359,1.1963181517001,-1.10076358353881,-0.0677120411898438,-0.377597095255037,-0.79345965987036,-0.132333171548173,-0.33158626897425,0.664877856718148,-0.309312434134138,0.099941947375597,0.122988311929089,1.0,1
406.0,-2.3122265423263,1.95199201064158,-1.60985073229769,3.9979055875468,-0.522187864667764,-1.42654531920595,-2.53738730624579,1.39165724829804,-2.77008927719433,-2.77227214465915,3.20203320709635,-2.89990738849473,-0.595221881324605,-4.28925378244217,0.389724120274487,-1.14074717980657,-2.83005567450437,-0.0168224681808257,0.416955705037907,0.126910559061474,0.517232370861764,-0.0350493686052974,-0.465211076182388,0.320198198514526,0.0445191674731724,0.177839798284401,0.261145002567677,-0.143275874698919,0.0,1
85573.0,-1.7567118508365,3.26657425418237,-4.15338789695403,3.92452561357555,-1.7537718434176,-1.0057867792296,-4.31321717578502,1.56071190324579,-3.29567366751075,-6.2133552491157,4.52299197543382,-6.6528440527591,-0.12468523386066,-8.60448620191387,0.110359314846888,-5.94548061159606,-9.33893779428438,-2.39019258818085,3.18415235636348,0.874720103498016,0.911427441871296,0.0530612807310541,-0.367700953962814,-0.776337755840596,0.292093831084717,0.025999713844171,1.0629681996854,0.501148168228208,1.0,1
41138.0,-4.59561704249556,5.08369023030901,-7.58101461744265,7.54603279503791,-6.94916456384443,-1.72918492987346,-8.19019171984817,2.71466961013434,-7.08316933143187,-11.1412776902967,7.38185937432083,-14.4686550955305,0.299659909360646,-13.602211465597,0.516112699650764,-13.5632729563133,-23.8156358284126,-9.17055721888169,3.66952343976659,1.68216030642087,2.24897122592187,0.566843572297808,0.0337440528595468,0.591783408003629,0.334228764687698,0.386801106292112,2.16389776726335,0.983103834042297,340.11,1
26863.0,-21.2091195927913,12.6521968313004,-23.5539329441267,6.17407791004356,-16.026658125511,-4.42219459449987,-16.2294437253382,14.1160019049786,-3.92274144947115,-8.72024451506225,5.49388683652872,-7.7408158639401,0.384814230466723,-8.078240669038,-0.0148996037313368,-6.7012888702885,-13.1592668578419,-4.90303149501704,1.1462752482696,1.60243883702914,1.75844007534189,-1.52258816196329,-0.903860197993699,0.130166452450156,1.45485651906738,-0.223214403323927,1.55092845004664,0.461459566763514,99.99,1
69394.0,1.14043132434726,1.13424300279892,-1.42945474072655,2.01222598912655,0.622800198240135,-1.1529230868157,0.22115947772768,0.0373717733484629,0.0344859259841517,-1.87964382107016,2.19166507997652,-0.487849732811135,-1.75713709936308,-4.46105120749925,-0.402884205654366,1.4109171085787,3.61925125200524,2.28492676267757,-0.443999191918561,-0.0997118777920308,-0.367136001490949,-0.891627120817809,-0.160578066799212,-0.10832596200032,0.668374321480191,-0.352393242949003,0.0719927692746503,0.113684370071235,1.0,1
57163.0,-10.3630494651588,4.54367201286394,-9.79589773551539,5.50800333404763,-6.03715599427489,-0.133492972364907,-11.7243461176622,-3.19834557193323,-4.76784222430147,-9.33212806886128,5.2241240042156,-7.74312234505579,-1.56034320038539,-7.14041803349475,1.18597782557697,-6.59870406570123,-12.1205390025684,-3.90409153348034,2.51343040062446,0.924396179705582,-2.45714487251707,1.68725664165106,0.977178353536712,-0.543368976583511,-0.289124786926125,-0.107586425389056,0.330641897772597,0.163577149556086,1.0,1
15817.0,-4.64189285087538,2.90208643306647,-1.57293870931742,2.507298518227,-0.871782564349351,-1.0409025722626,-1.59390073966645,-3.25490508581579,1.90896268593707,1.07741752106048,3.33850216040272,-6.54261034532574,1.09953638182128,-3.26647554459315,1.01472790444294,-4.84238307827835,-5.269876299726,-2.34466857415508,1.95922405409272,-0.465679220344122,1.96359666634146,-0.217413915973245,-0.54933995583883,0.645545202036521,-0.354557818794591,-0.611763845006479,-3.90808047547799,-0.671248265147117,11.39,1
27784.0,0.288028928428076,0.965681439446855,-1.45949519977085,1.92186300234526,-1.91241402974899,-1.13028190025527,-2.81426265960526,0.648663224885543,-0.695262639845074,-3.46568908576121,2.35161910622909,-3.82670531942496,-0.767569849115369,-4.8528669146236,1.66486300420352,-2.61736133003734,-4.83555830647772,-1.92175160139324,-0.385884175181753,0.330916894188196,0.603127128021142,0.380690182113136,-0.0641251755885565,0.271380100640141,0.33721953478356,0.626155869423677,0.565124825956713,0.305925255390835,23.36,1
72327.0,-4.19873460983989,0.194120636801706,-3.91758567828042,3.92074784640417,-1.87548574659158,-2.11893292738694,-3.61444510993627,1.68788446543007,-2.18987113590881,-4.68423332514029,4.37690666362302,-5.00744082816051,-1.30474507803596,-6.19247526385522,1.00240426741391,-3.31693430074553,-6.18883415213498,-1.04041264854272,1.23304434947994,1.0033504305956,0.801312235949018,-0.183000576489906,-0.440386862411508,0.292539411877521,-0.144967421927777,-0.251743981877142,1.24941367428483,-0.131524643545312,238.9,1
58067.0,-0.264868683737295,3.38613996883911,-3.4549969895002,4.36762905773351,3.33606042827178,-2.05391842272465,0.256890458421417,-2.95723544083265,-2.8557972336327,-2.8084555425423,1.84750351109611,-2.4148223375383,-2.57322454244165,-6.5991261303635,0.123470382678038,2.57237180761341,6.60936580903842,2.53066979960508,-3.60265725092653,0.482513022122587,-1.39450379366468,-0.166029306744804,-1.45208118338289,-0.251814670710545,1.24346054282121,0.45278677690471,0.13221807596169,0.42459946550375,1.0,1
92092.0,-1.10847821852891,3.44895257232738,-6.21697180605649,3.02105161812575,-0.529900931709915,-2.55137517507643,-2.00174290819286,1.09243237369483,-0.836098368778531,-4.09564897273592,2.42595071598052,-6.06726194524698,1.83243272022382,-3.50170251648822,-1.00400820464185,-3.5012811030282,-2.941876323532,-1.12574106196719,0.37371480785248,-0.0685983809223332,0.825951491439622,1.14416978988846,0.208559481945769,-0.295497424488562,-0.690232196243341,-0.364749075788586,0.229327220125504,0.208829891689567,18.0,1
26585.0,-19.8563223334433,12.0958932259299,-22.4640827464876,6.11554110191771,-15.1480215209615,-4.34672408349599,-15.6485074722661,13.2768048056341,-3.97416161954102,-8.85919405880884,5.73081553744459,-8.08803351213651,0.230824969324902,-8.57897327333454,0.000946636693186,-6.94774606726094,-13.4728970076501,-4.94021082886802,1.23014255193802,1.58292955492187,1.75072984045421,-1.40963570908141,-0.809809278333882,0.121396659905885,1.35030007077468,-0.224291873525585,1.59762136835254,0.476919818025438,99.99,1
9064.0,-3.49910753739178,0.258555160773118,-4.48955807274398,4.85389435139681,-6.97452154477167,3.62838209065084,5.43127092073166,-1.94673371078472,-0.775680092900109,-1.9877731876087,4.69039566550924,-6.9980424321007,1.45401198637847,-3.73802333366749,0.31774206255503,-2.01354268083989,-5.1361351026702,-1.18382211654359,1.66339401354543,-3.04262575715977,-1.05236825623151,0.204816873569406,-2.11900744010783,0.170278608305444,-0.393844118118335,0.296367194488607,1.98591321801306,-0.900451638402827,1809.68,1
151029.0,-3.81821371829341,2.55133767783118,-4.75915831591909,1.63696695878653,-1.16790008391088,-1.67841338780471,-3.14473247208576,1.24510555037845,-1.69254135414833,-4.75993137385013,3.64225693939881,-4.165202322571,0.703069875094878,-7.62431631397779,-1.49801239964762,-4.07999232998846,-6.71717654755023,-1.88754964911755,1.35674828969143,0.164453445972909,0.837685440079622,0.761712127064149,-0.417694265920243,-0.469712471536136,-0.225934235750846,0.586415248500604,-0.348107405939032,0.0877768724326224,10.7,1
41743.0,-2.14441147422114,1.0734990949761,-2.77366294436956,1.38439373061694,-4.01547712730958,0.747235431622141,1.52563753547227,0.192987836205386,-2.43186196584916,-4.15583783449678,4.35477463025116,-2.87240010922107,0.468875462284219,-4.55566674751092,0.699671492981511,-2.90114077639634,-4.67466711122835,-2.21362325223921,1.29616504982889,0.668123787084126,0.14465327974064,-0.885681640451265,0.625098628062992,0.0965268919194303,-0.189454895625625,0.532908314019749,0.423044721673666,-0.210266310409715,802.52,1
155554.0,-1.04006722316026,3.10670266443901,-5.40902719870311,3.10990342442989,-0.887237039790953,-2.49752183582566,-2.07334746311485,0.639818099305764,-3.01333057190308,-5.9548382969224,3.58639450927204,-5.51714762692598,0.683652475018798,-8.5604228759795,1.85609491585409,-4.87824808848093,-4.33599801203682,-1.3771910852015,3.0573817418767,1.05439010295385,0.773960867519738,0.214868420362258,-0.184233022038014,-0.284091370881042,0.493466608549931,0.732328821135949,0.675066703315442,0.337076231470716,94.82,1
41505.0,-16.5265065691231,8.58497179585822,-18.6498531851945,9.50559351508723,-13.7938185270957,-2.83240429939747,-16.701694296045,7.51734390370987,-8.50705863675898,-14.1101844415457,5.29923634963938,-10.8340064814734,1.67112025332681,-9.37385858364976,0.360805641631617,-9.89924654080666,-19.2362923697613,-8.39855199494575,3.10173536885404,-1.51492343527852,1.19073869481428,-1.12767000902061,-2.3585787697881,0.673461328987237,-1.4136996745882,-0.46276236139933,-2.01857524875161,-1.04280416970881,364.19,1
25254.0,-17.2751911945397,10.8196653713117,-20.3638859739149,6.04661174671427,-13.4650333517322,-4.16664724489873,-14.4094479851747,11.5807967244857,-4.07385571204177,-9.15336803834587,6.21088301172371,-8.77857203246194,-0.0613674966661798,-9.57466229922106,0.0492885399107771,-7.41848727872681,-14.1027718764864,-5.01642333521081,1.39031436050276,1.54497046707519,1.7298040916597,-1.20809608165502,-0.726839224163999,0.112539673508366,1.11919347248491,-0.233188990129274,1.68406299250578,0.503739738280361,99.99,1
40919.0,-2.74048250153169,3.65809481979987,-4.11063552027473,5.34024166876747,-2.66677476000958,-0.0927818149405728,-4.38869880914515,-0.280132705503576,-2.82189458229917,-4.46628416302479,3.96979981229186,-7.34671678644283,-1.16331176961366,-8.22556891234807,0.82500183194645,-6.77286703365235,-8.81578542555918,-4.56885928410549,1.12659865645629,0.185325269832133,2.41749541196206,-0.0977119508973041,0.382154506973307,-0.154756519767143,-0.40395592644091,0.277894930235294,0.830061638644528,0.218690442242457,112.33,1
41233.0,-10.6457996485752,5.9183066586857,-11.6710425949575,8.80736917876038,-7.97550136587277,-3.58680634405361,-13.6167970541448,6.42816934590602,-7.36845129274034,-12.8881582878915,6.85495311388866,-13.2116950297251,1.03561234332246,-13.7789556397675,1.04044835530024,-11.2903278082585,-20.5780220491922,-7.54782411219534,3.11847976563045,-0.0461701790327979,2.57196959291347,0.206809359357246,-1.66780140024191,0.558418754024331,-0.0278978765982558,0.354253781525514,0.273328726801416,-0.152908080809092,0.0,1
141320.0,-6.35233691096656,-2.37033515007664,-4.87539667887196,2.33504453116197,-0.809554897212021,-0.413647316208307,-4.08230817063438,2.23908947335972,-1.98635950470675,-5.16533081830893,2.94293916487767,-4.12572224190365,-0.433094395260294,-3.5181311704857,0.420777387095712,-5.10447983930312,-7.9253889983055,-3.41570671508705,0.71833237368083,0.186898304507656,1.32521840044042,1.22674487561089,-1.4852168616857,-1.47073226048821,-0.240053392971609,0.112972036960476,0.910590643802817,-0.650943712766886,195.66,1
93853.0,-5.83919161928092,7.1515323543223,-12.8167600806187,7.03111476501099,-9.6512721679897,-2.93842725771624,-11.5432071690832,4.84362653179436,-3.49427572506535,-13.3207888671784,8.46024444901677,-17.003289445516,0.101556614891384,-14.094451660329,0.747030766392512,-12.6616957230679,-18.9124938172188,-6.62697484523061,4.00892074227194,0.0556838813863639,2.46205591127559,1.05486518382957,0.530480596078193,0.472669814042592,-0.275997967880675,0.282435024801752,0.104886020210564,0.254417096767513,316.06,1
19762.0,-14.1791651073631,7.42136996239257,-21.405835744128,11.927511869244,-7.97428068736155,-2.20271027666529,-15.4716122801735,-0.356594909586509,-6.38012489838839,-13.3482776536659,10.1875873241664,-14.5639797552132,0.59375935763569,-14.4915983463022,-0.281392503951236,-8.2641288443605,-12.4398049728466,-4.83707902601307,0.753149847889189,1.00276434172175,-2.36683606243662,1.13095519799655,0.991153238179024,-1.03313210707298,-0.327179344936207,0.634692903522304,2.17190494464567,-1.39528768393339,1.0,1
70229.0,0.315641749332386,1.63677796226183,-1.51964988293973,4.02857099852445,-1.18679426720391,-0.789813099852487,-2.27980740468004,0.472987926704315,-1.65763500271185,-2.89499040084744,1.60198538284757,-2.82494562476694,1.26920363552044,-5.59136368933409,-0.974827287131074,-2.73779549628906,-4.9615343155062,-2.22479740778771,-0.136117269757132,0.388884849068478,0.345920750226663,-0.1080015945344,-0.165441941824109,0.279894580016653,0.808783092569154,0.117362632970147,0.58959490284462,0.30906407378289,3.79,1
85285.0,-6.71340697159693,3.92110415204576,-9.74667821737542,5.14826254938013,-5.15156271985187,-2.09938865681113,-5.93776683170198,3.57877960420447,-4.6849517505833,-8.53775768653457,6.34897930341209,-8.68160893168352,0.251179384774619,-11.6080022570993,-0.351568782034355,-5.36356643348466,-11.9390915052116,-3.58360287020043,0.897402406121681,0.135711322729059,0.954272201927517,-0.45108644858101,0.127214424071711,-0.339449869297565,0.394095513633807,1.07529509891805,1.6499059092424,-0.394905372194808,252.92,1
11092.0,0.378274504006009,3.91479678866992,-5.72687201536627,6.09414095882864,1.69887526405022,-2.8073139468834,-0.591118212837213,-0.123495593086659,-2.53071281390832,-5.15309460989926,4.65408842254301,-7.83953899762349,1.37181858033581,-9.63468971263612,-0.739596855842826,-0.663203945673478,0.891934540534899,0.978675639075006,-2.00547660274646,0.440439440893876,0.149895683076911,-0.601967245529085,-0.613724335539499,-0.403113687819411,1.568445255978,0.52188393400233,0.527937749881352,0.411910405834512,1.0,1
149582.0,-4.28058383167792,1.42110000741665,-3.90822884348162,2.94294608011161,-0.0762053360306411,-2.00252600045019,-2.87415473251562,-0.856005441485914,0.963674230223562,-3.23543895742654,3.34180192747217,-7.56286042898412,-1.8474434271558,-11.5714234295766,-1.4815558418284,-6.18091869945618,-9.28518598266033,-3.92172214129965,0.685510860299876,-0.198962780003302,-0.140061995134615,-0.90772022005271,-0.680107948583095,-0.349169892929711,0.0562758915123628,-1.14992266869478,-1.80988612030864,0.723051433275673,1.1,1
26931.0,-22.5616992591298,13.2089042844176,-24.6438187771226,6.23253182330679,-16.905611362323,-4.49743871970001,-16.8101841919321,14.9551067734604,-3.87129682308601,-8.58126551626339,5.25698760960799,-7.39361499215009,0.538800829120431,-7.57755201800709,-0.030725531904052,-6.45478323655342,-12.8456565242928,-4.86591773720169,1.06244185030067,1.62144422472126,1.76598663639159,-1.6355166467436,-0.998316503452087,0.138972227361725,1.55935014018173,-0.22212451669,1.5044246600224,0.445919826109776,99.99,1
17220.0,1.18978435670385,0.942289402014327,0.0823341450498769,3.02404970580847,0.412406009418248,-0.214414558479438,0.0535578385040748,-0.110353351082093,0.883797757350066,-0.554223900525873,0.154921008931302,-2.77675657494788,1.6412066261065,-0.45607695680899,-1.24041439240797,0.857322735948866,1.70702446635297,0.526349196477535,-0.865104609842214,-0.143434644974988,-0.502635558485173,-1.04739752764089,-0.0567520238885425,-0.340688404752184,0.541235201259928,-0.0983002868955662,-0.0030411199129353,0.049819020358336,3.79,1
102671.0,-4.99175779387947,5.2133398229232,-9.11132629809104,8.43198635177602,-3.4355156720863,-1.8275651016855,-7.11430284412379,3.43120663145462,-3.87564287029742,-6.86850850672582,7.15062516950116,-10.2629840447185,2.73308493575221,-10.1275247811671,-0.262783621001749,-5.19027103814098,-8.6557110398096,-2.02444347438745,1.5604792800844,0.0981321924634143,1.18942283937597,0.247858476295777,0.294448330047117,-0.548503502162266,-0.174616566570794,0.406702503092405,-0.40233927269736,-0.882885795448957,0.0,1
110617.0,-1.10103546371767,-1.67492805871463,-0.573388195590639,5.6175556662941,0.765556412634615,0.440607080848915,1.93474047501363,-1.01978754945585,-0.19324423129657,1.7837390603636,0.606910821999133,-2.85427542751023,2.37947304553589,1.26814661675691,-0.28361908940932,-0.482192055998123,0.8110054093379,-0.357910684579857,0.752760921550722,-0.0383141473363703,-0.412525822025647,-0.208823118913215,0.344832725150856,1.09143473162108,-0.686512742633337,0.0758089204336296,0.0338647378770195,-0.83285502022751,635.1,1
59840.0,-3.21538175967748,-0.364223121381638,-1.26188334354906,3.79494903930385,0.71120593031272,-1.31647560298004,-5.16514055601052,0.625278383544947,-1.582300584728,-3.25263359468289,5.04075120270381,-5.31444220386187,-0.656470662006063,-6.23304367078495,0.974771279276835,-6.8903177453801,-9.51641148491956,-4.36412771489086,2.59857755637223,0.0196261688931224,0.40134124079647,0.152191258747201,-0.93467547449829,-0.256148382367333,-0.469403308828214,-0.282495914081921,0.86607691066145,-0.433465943783225,5.91,1
11629.0,-3.89119195123086,7.09891625215749,-11.4264670967961,8.60755678650129,-2.06570621026229,-2.98528802203595,-8.13858941693861,2.97392807853452,-6.27279046836547,-13.1934150665232,11.6197234753825,-17.6316063138707,-0.355194389515515,-18.8220867423816,-1.2831290856146,-10.0310966568698,-15.2270075099256,-5.32200898058982,-0.501750653452579,1.38261899967275,1.75708522742867,-0.18970915318715,-0.508629244173448,-1.18930816877394,1.18853649934791,0.605241885913626,1.8815287524148,0.875260407222375,1.0,1
85285.0,-7.03030814445441,3.42199090467553,-9.52507177254752,5.27089100906596,-4.02463027558805,-2.86568161775739,-6.98919473439446,3.79155093755913,-4.62273033596451,-8.40966487562735,6.30904400603177,-8.57676143258937,0.246746716929862,-11.5340460181508,-0.3642651387587,-5.45249465771382,-11.8875700201872,-3.56358481007011,0.876018768156628,0.545698040621445,1.10339774484256,-0.541854751589521,0.0369432219896495,-0.355519004066217,0.353634382097,1.04245799282131,1.35951563156376,-0.272188101257294,0.0,1
75556.0,-0.734303155037818,0.435519332206195,-0.530865546585229,-0.471119606930407,0.643214386605141,0.713832369657908,-1.23457207133269,-2.55141159871634,-2.05772382572102,0.166830707878014,0.567551954604602,-0.85805991589575,-0.448067929957678,-0.264936238828755,0.88886293915465,0.838120616560385,1.42505965449185,-0.169664182600728,2.50202738858443,0.864536120628702,-1.00487737851609,1.15035358786928,-0.152555282700309,-1.38674463324096,0.0047160148280004,0.21914583821982,-0.0582573076118087,0.158047988697071,29.95,1
152710.0,0.0510754846328574,1.31042652386526,0.733222065309853,2.62028192286183,1.40235761449282,0.528488564738172,1.08601442622803,-0.146422713225732,-1.72433297471822,1.28016674259048,0.470864719590572,0.43554195900858,0.594974116113431,-0.142098601080574,-2.02473460275883,0.828290651436422,-1.27478714656577,0.134277305184542,-1.48943421708841,-0.125876996990695,0.229936134951611,0.766926566765976,-0.189623667620704,0.766852957965077,-0.141400750027805,-0.0772779620355944,-0.29759539535716,-0.221816034161724,2.47,1
77202.0,-0.356326154090313,1.43530513012275,-0.813563965472736,1.99311717679272,2.0558775401316,-0.54357866590526,0.487691066602944,0.0854488054265826,-0.536351998021526,-2.23120932812687,0.273983570211148,-0.535839387011391,0.595677221650834,-5.14182349291966,0.732366764261792,0.623912780633594,4.09098324669186,1.63408402811385,0.26084733041578,0.303261648412104,-0.312862941766726,-0.687873797330169,-0.267002508610821,-1.15848006325515,0.271459963711122,-0.155397186179697,0.114328416432227,0.101525594435204,1.0,1
125200.0,-0.769171691743673,1.3422122564916,-2.1714541366788,-0.151513299728476,-0.648374467317641,-0.973504253142134,-1.70665765414268,0.313744516691369,-1.98230184657376,-3.15812700566592,1.3415717221686,-3.29947236985172,1.24764737362737,-6.39337284276668,-0.0532048016171774,-3.25804634128955,-3.34889609796046,0.217330714330335,-0.917407954929339,-0.102294252090737,-0.0361222946216654,-0.753591202726119,-0.0471133973013113,0.358492767536875,-0.287406815695466,0.476505957022081,0.250530561357973,0.250987222920341,40.0,1
